"","barcodes","cell_type"
"1","16_ADJ_ATCAGGTCAGCGGTTC-1","ILC1"
"2","16_ADJ_CAAAGAATCGTAGCTA-1","ILC1"
"3","16_ADJ_CAATGACTCGGTCACG-1","ILC2"
"4","16_ADJ_CATTGAGTCTCGTTTA-1","ILC1"
"5","16_ADJ_GCCATTCGTGTCCATA-1","ILC2"
"6","16_ADJ_GGCGTCAGTAGAGCTG-1","ILC1"
"7","16_ADJ_GGTGTCGTCGCATTGA-1","ILC3"
"8","16_ADJ_GTAGATCAGCCTGCCA-1","ILC3"
"9","16_ADJ_TAATCTCGTCTTCGAA-1","ILC3"
"10","16_ADJ_TCGACGGCACTAGGTT-1","ILC2"
"11","16_ADJ_TCGGGCATCTACTCAT-1","ILC1"
"12","16_ADJ_TTGCATTTCGGTAGGA-1","ILC2"
"13","12_CTRL_GATGATCGTGACGCCT-1","ILC1"
"14","12_CTRL_GGCTTTCTCGCAGTGC-1","ILC3"
"15","12_CTRL_TTGGGCGGTCTTAGTG-1","ILC3"
"16","16_CTRL_ACCCAAATCGTCCTTG-1","ILC2"
"17","16_CTRL_AGGATCTAGAGTATAC-1","ILC1"
"18","16_CTRL_AGTCATGAGATGGTCG-1","ILC3"
"19","16_CTRL_GACCCTTAGACGAAGA-1","ILC3"
"20","16_CTRL_GAGCCTGAGCGATCGA-1","ILC1"
"21","16_CTRL_GGGTCACTCAGAATAG-1","ILC3"
"22","16_CTRL_GTTGCGGTCTGCGATA-1","ILC1"
"23","16_CTRL_TCCCAGTTCTGTGCTC-1","ILC2"
"24","16_CTRL_TGTTCTAAGCTGGAGT-1","ILC1"
"25","16_CTRL_TTCTAGTAGACAGCTG-1","ILC2"
"26","12_NEO_CCTTCAGCATCCCGTT-1","ILC1"
"27","12_NEO_TCATTACAGTGGGAAA-1","ILC3"
"28","16_NEO_AAATGGATCCACACCT-1","ILC3"
"29","16_NEO_ATAGGCTAGTTCGGTT-1","ILC1"
"30","16_NEO_CCTGTTGTCCTCGCAT-1","ILC1"
"31","16_NEO_CGAATTGTCGGACTTA-1","ILC1"
"32","16_NEO_CTGTACCTCGCGCTGA-1","ILC3"
"33","16_NEO_GAGAGGTGTCACATTG-1","ILC1"
"34","16_NEO_GAGGGTAAGAGGTATT-1","ILC2"
"35","16_NEO_GCTGCAGGTGACTGAG-1","ILC1"
"36","16_NEO_GTTTACTAGCCTGTGC-1","ILC1"
"37","16_NEO_TAAGCACAGAGCATCG-1","ILC1"
"38","16_NEO_TCATTACAGGGTTAGC-1","ILC1"
"39","16_NEO_TCCATGCGTCTAACTG-1","ILC1"
"40","16_NEO_TCCGGGAAGCATTTCG-1","ILC1"
"41","16_NEO_TCCTCGATCACTCCGT-1","ILC3"
"42","16_NEO_TCGCAGGTCAACGAGG-1","ILC1"
"43","16_NEO_TTGTGTTCAACTCATG-1","ILC1"
